Animals=100
Keepers=40
Names=JAMES, JOHN, ROBERT, MICHAEL, MARY, WILLIAM, DAVID, RICHARD, CHARLES, JOSEPH, THOMAS, PATRICIA, CHRISTOPHER, LINDA, BARBARA, DANIEL, PAUL, MARK, ELIZABETH, DONALD, JENNIFER, GEORGE, MARIA, KENNETH, SUSAN, STEVEN, EDWARD, MARGARET, BRIAN, RONALD, DOROTHY, ANTHONY, LISA, KEVIN, NANCY, KAREN, BETTY, HELEN, JASON, MATTHEW, GARY, TIMOTHY, SANDRA, JOSE, LARRY, JEFFREY, FRANK, DONNA, CAROL, RUTH, SCOTT, ERIC, STEPHEN, ANDREW, SHARON, MICHELLE, LAURA, SARAH, KIMBERLY, DEBORAH, JESSICA, RAYMOND, SHIRLEY, CYNTHIA, ANGELA, MELISSA, BRENDA, AMY, JERRY, GREGORY, ANNA, JOSHUA, VIRGINIA, REBECCA, KATHLEEN, DENNIS, PAMELA, MARTHA, DEBRA, AMANDA, WALTER, STEPHANIE, WILLIE, PATRICK, TERRY, CAROLYN, PETER, CHRISTINE, MARIE, JANET, FRANCES, CATHERINE, HAROLD, HENRY, DOUGLAS, JOYCE, ANN, DIANE, ALICE, JEAN
SurNames=Aaberg, Aaby, Aadland, Aagaard, Aakre, Aaland, Aalbers, Aalderink, Aalund, Aamodt, Aamot, Aanderud, Aanenson, Aanerud, Aarant, Aardema, Aarestad, Aarhus, Aaron, Aarons, Aaronson, Aarsvold, Aas, Aasby, Aase, Aasen, Aavang, Abad, Abadi, Abadie, Abair, Abaja, Abajian, Abalos, Abaloz, Abar, Abarca, Abare, Abascal, Abasta, Abate, Abati, Abatiell, Abato, Abatti, Abaunza, Abaya, Abbadessa, Abbamonte, Abbas, Abbasi, Abbassi, Abbate, Abbatiello, Abbay, Abbe, Abbed, Abbenante, Abbey, Abbinanti, Abbington, Abbitt, Abbot, Abbott, Abboud, Abbruzzese, Abbs, Abby, Abdalla, Abdallah, Abdel, Abdelal, Abdelaziz, Abdeldayen, Abdelhamid, Abdella, Abdelmuti, Abdelrahman, Abdelwahed, Abdi, Abdin, Abdo, Abdon, Abdool, Abdou, Abdul, Abdula, Abdulaziz, Abdulkarim, Abdulla, Abdullah, Abdullai, Abdulmateen, Abdulmuniem, Abdur, Abe, Abeb, Abed, Abedelah, Abedi
Avian=Gulls
Insect=Spider,Ant
InsectAquatic=Water Beetle
InsectAvian=Fly,Bee
InsectAvianAquatic=Dragonfly
Mammal=Tiger,Lion,Elephant
MammalAquatic=Whale
MammalAvian=Bat
Reptile=Snake
ReptileAquatic=Crocodile
Version=1